Cifras absolutas y relativas;Sexo;Edad;Tipo de bebidas consumidas;Frecuencia de consumo;Total
CIFRAS ABSOLUTAS;Ambos sexos;Total;Copas de vino, champagne o cava;Total;18.311,9
CIFRAS ABSOLUTAS;Ambos sexos;Total;Copas de vino, champagne o cava;Cuatro o más días a la semana;5.114,8
CIFRAS ABSOLUTAS;Ambos sexos;Total;Copas de vino, champagne o cava;De 1 a 3 días a la semana;3.343,6
CIFRAS ABSOLUTAS;Ambos sexos;Total;Copas de vino, champagne o cava;Menos de 1 día a la semana y al menos 1 día al mes;1.241,7
CIFRAS ABSOLUTAS;Ambos sexos;Total;Copas de vino, champagne o cava;Menos de 1 día al mes;4.123,8
CIFRAS ABSOLUTAS;Ambos sexos;Total;Copas de vino, champagne o cava;No ha consumido este tipo de bebida;4.488,1
CIFRAS ABSOLUTAS;Ambos sexos;Total;Cañas de cerveza ( con alcohol), sidra;Total;18.311,9
CIFRAS ABSOLUTAS;Ambos sexos;Total;Cañas de cerveza ( con alcohol), sidra;Cuatro o más días a la semana;2.976,8
CIFRAS ABSOLUTAS;Ambos sexos;Total;Cañas de cerveza ( con alcohol), sidra;De 1 a 3 días a la semana;5.671,9
CIFRAS ABSOLUTAS;Ambos sexos;Total;Cañas de cerveza ( con alcohol), sidra;Menos de 1 día a la semana y al menos 1 día al mes;1.368,1
CIFRAS ABSOLUTAS;Ambos sexos;Total;Cañas de cerveza ( con alcohol), sidra;Menos de 1 día al mes;3.243,2
CIFRAS ABSOLUTAS;Ambos sexos;Total;Cañas de cerveza ( con alcohol), sidra;No ha consumido este tipo de bebida;5.052,0
CIFRAS ABSOLUTAS;Ambos sexos;De 16 a 24 años;Copas de vino, champagne o cava;Total;1.978,0
CIFRAS ABSOLUTAS;Ambos sexos;De 16 a 24 años;Copas de vino, champagne o cava;Cuatro o más días a la semana;41,9
CIFRAS ABSOLUTAS;Ambos sexos;De 16 a 24 años;Copas de vino, champagne o cava;De 1 a 3 días a la semana;297,4
CIFRAS ABSOLUTAS;Ambos sexos;De 16 a 24 años;Copas de vino, champagne o cava;Menos de 1 día a la semana y al menos 1 día al mes;124,2
CIFRAS ABSOLUTAS;Ambos sexos;De 16 a 24 años;Copas de vino, champagne o cava;Menos de 1 día al mes;686,3
CIFRAS ABSOLUTAS;Ambos sexos;De 16 a 24 años;Copas de vino, champagne o cava;No ha consumido este tipo de bebida;828,3
CIFRAS ABSOLUTAS;Ambos sexos;De 16 a 24 años;Cañas de cerveza ( con alcohol), sidra;Total;1.978,0
CIFRAS ABSOLUTAS;Ambos sexos;De 16 a 24 años;Cañas de cerveza ( con alcohol), sidra;Cuatro o más días a la semana;169,4
CIFRAS ABSOLUTAS;Ambos sexos;De 16 a 24 años;Cañas de cerveza ( con alcohol), sidra;De 1 a 3 días a la semana;927,4
CIFRAS ABSOLUTAS;Ambos sexos;De 16 a 24 años;Cañas de cerveza ( con alcohol), sidra;Menos de 1 día a la semana y al menos 1 día al mes;201,3
CIFRAS ABSOLUTAS;Ambos sexos;De 16 a 24 años;Cañas de cerveza ( con alcohol), sidra;Menos de 1 día al mes;420,7
CIFRAS ABSOLUTAS;Ambos sexos;De 16 a 24 años;Cañas de cerveza ( con alcohol), sidra;No ha consumido este tipo de bebida;259,3
CIFRAS ABSOLUTAS;Ambos sexos;De 25 a 34 años;Copas de vino, champagne o cava;Total;3.887,0
CIFRAS ABSOLUTAS;Ambos sexos;De 25 a 34 años;Copas de vino, champagne o cava;Cuatro o más días a la semana;366,9
CIFRAS ABSOLUTAS;Ambos sexos;De 25 a 34 años;Copas de vino, champagne o cava;De 1 a 3 días a la semana;726,3
CIFRAS ABSOLUTAS;Ambos sexos;De 25 a 34 años;Copas de vino, champagne o cava;Menos de 1 día a la semana y al menos 1 día al mes;316,2
CIFRAS ABSOLUTAS;Ambos sexos;De 25 a 34 años;Copas de vino, champagne o cava;Menos de 1 día al mes;1.044,9
CIFRAS ABSOLUTAS;Ambos sexos;De 25 a 34 años;Copas de vino, champagne o cava;No ha consumido este tipo de bebida;1.432,7
CIFRAS ABSOLUTAS;Ambos sexos;De 25 a 34 años;Cañas de cerveza ( con alcohol), sidra;Total;3.887,0
CIFRAS ABSOLUTAS;Ambos sexos;De 25 a 34 años;Cañas de cerveza ( con alcohol), sidra;Cuatro o más días a la semana;548,6
CIFRAS ABSOLUTAS;Ambos sexos;De 25 a 34 años;Cañas de cerveza ( con alcohol), sidra;De 1 a 3 días a la semana;1.589,0
CIFRAS ABSOLUTAS;Ambos sexos;De 25 a 34 años;Cañas de cerveza ( con alcohol), sidra;Menos de 1 día a la semana y al menos 1 día al mes;394,1
CIFRAS ABSOLUTAS;Ambos sexos;De 25 a 34 años;Cañas de cerveza ( con alcohol), sidra;Menos de 1 día al mes;696,1
CIFRAS ABSOLUTAS;Ambos sexos;De 25 a 34 años;Cañas de cerveza ( con alcohol), sidra;No ha consumido este tipo de bebida;659,2
CIFRAS ABSOLUTAS;Ambos sexos;De 35 a 44 años;Copas de vino, champagne o cava;Total;4.007,1
CIFRAS ABSOLUTAS;Ambos sexos;De 35 a 44 años;Copas de vino, champagne o cava;Cuatro o más días a la semana;853,2
CIFRAS ABSOLUTAS;Ambos sexos;De 35 a 44 años;Copas de vino, champagne o cava;De 1 a 3 días a la semana;912,2
CIFRAS ABSOLUTAS;Ambos sexos;De 35 a 44 años;Copas de vino, champagne o cava;Menos de 1 día a la semana y al menos 1 día al mes;329,1
CIFRAS ABSOLUTAS;Ambos sexos;De 35 a 44 años;Copas de vino, champagne o cava;Menos de 1 día al mes;881,9
CIFRAS ABSOLUTAS;Ambos sexos;De 35 a 44 años;Copas de vino, champagne o cava;No ha consumido este tipo de bebida;1.030,6
CIFRAS ABSOLUTAS;Ambos sexos;De 35 a 44 años;Cañas de cerveza ( con alcohol), sidra;Total;4.007,1
CIFRAS ABSOLUTAS;Ambos sexos;De 35 a 44 años;Cañas de cerveza ( con alcohol), sidra;Cuatro o más días a la semana;888,2
CIFRAS ABSOLUTAS;Ambos sexos;De 35 a 44 años;Cañas de cerveza ( con alcohol), sidra;De 1 a 3 días a la semana;1.413,9
CIFRAS ABSOLUTAS;Ambos sexos;De 35 a 44 años;Cañas de cerveza ( con alcohol), sidra;Menos de 1 día a la semana y al menos 1 día al mes;291,5
CIFRAS ABSOLUTAS;Ambos sexos;De 35 a 44 años;Cañas de cerveza ( con alcohol), sidra;Menos de 1 día al mes;625,4
CIFRAS ABSOLUTAS;Ambos sexos;De 35 a 44 años;Cañas de cerveza ( con alcohol), sidra;No ha consumido este tipo de bebida;788,2
CIFRAS ABSOLUTAS;Ambos sexos;De 45 a 54 años;Copas de vino, champagne o cava;Total;3.241,8
CIFRAS ABSOLUTAS;Ambos sexos;De 45 a 54 años;Copas de vino, champagne o cava;Cuatro o más días a la semana;1.134,7
CIFRAS ABSOLUTAS;Ambos sexos;De 45 a 54 años;Copas de vino, champagne o cava;De 1 a 3 días a la semana;617,2
CIFRAS ABSOLUTAS;Ambos sexos;De 45 a 54 años;Copas de vino, champagne o cava;Menos de 1 día a la semana y al menos 1 día al mes;226,7
CIFRAS ABSOLUTAS;Ambos sexos;De 45 a 54 años;Copas de vino, champagne o cava;Menos de 1 día al mes;573,4
CIFRAS ABSOLUTAS;Ambos sexos;De 45 a 54 años;Copas de vino, champagne o cava;No ha consumido este tipo de bebida;689,8
CIFRAS ABSOLUTAS;Ambos sexos;De 45 a 54 años;Cañas de cerveza ( con alcohol), sidra;Total;3.241,8
CIFRAS ABSOLUTAS;Ambos sexos;De 45 a 54 años;Cañas de cerveza ( con alcohol), sidra;Cuatro o más días a la semana;701,2
CIFRAS ABSOLUTAS;Ambos sexos;De 45 a 54 años;Cañas de cerveza ( con alcohol), sidra;De 1 a 3 días a la semana;889,2
CIFRAS ABSOLUTAS;Ambos sexos;De 45 a 54 años;Cañas de cerveza ( con alcohol), sidra;Menos de 1 día a la semana y al menos 1 día al mes;204,7
CIFRAS ABSOLUTAS;Ambos sexos;De 45 a 54 años;Cañas de cerveza ( con alcohol), sidra;Menos de 1 día al mes;527,4
CIFRAS ABSOLUTAS;Ambos sexos;De 45 a 54 años;Cañas de cerveza ( con alcohol), sidra;No ha consumido este tipo de bebida;919,4
CIFRAS ABSOLUTAS;Ambos sexos;De 55 a 64 años;Copas de vino, champagne o cava;Total;2.357,1
CIFRAS ABSOLUTAS;Ambos sexos;De 55 a 64 años;Copas de vino, champagne o cava;Cuatro o más días a la semana;1.076,6
CIFRAS ABSOLUTAS;Ambos sexos;De 55 a 64 años;Copas de vino, champagne o cava;De 1 a 3 días a la semana;452,6
CIFRAS ABSOLUTAS;Ambos sexos;De 55 a 64 años;Copas de vino, champagne o cava;Menos de 1 día a la semana y al menos 1 día al mes;127,8
CIFRAS ABSOLUTAS;Ambos sexos;De 55 a 64 años;Copas de vino, champagne o cava;Menos de 1 día al mes;422,2
CIFRAS ABSOLUTAS;Ambos sexos;De 55 a 64 años;Copas de vino, champagne o cava;No ha consumido este tipo de bebida;277,9
CIFRAS ABSOLUTAS;Ambos sexos;De 55 a 64 años;Cañas de cerveza ( con alcohol), sidra;Total;2.357,1
CIFRAS ABSOLUTAS;Ambos sexos;De 55 a 64 años;Cañas de cerveza ( con alcohol), sidra;Cuatro o más días a la semana;364,5
CIFRAS ABSOLUTAS;Ambos sexos;De 55 a 64 años;Cañas de cerveza ( con alcohol), sidra;De 1 a 3 días a la semana;510,5
CIFRAS ABSOLUTAS;Ambos sexos;De 55 a 64 años;Cañas de cerveza ( con alcohol), sidra;Menos de 1 día a la semana y al menos 1 día al mes;141,7
CIFRAS ABSOLUTAS;Ambos sexos;De 55 a 64 años;Cañas de cerveza ( con alcohol), sidra;Menos de 1 día al mes;422,6
CIFRAS ABSOLUTAS;Ambos sexos;De 55 a 64 años;Cañas de cerveza ( con alcohol), sidra;No ha consumido este tipo de bebida;917,7
CIFRAS ABSOLUTAS;Ambos sexos;De 65 a 74 años;Copas de vino, champagne o cava;Total;1.819,4
CIFRAS ABSOLUTAS;Ambos sexos;De 65 a 74 años;Copas de vino, champagne o cava;Cuatro o más días a la semana;1.026,2
CIFRAS ABSOLUTAS;Ambos sexos;De 65 a 74 años;Copas de vino, champagne o cava;De 1 a 3 días a la semana;224,7
CIFRAS ABSOLUTAS;Ambos sexos;De 65 a 74 años;Copas de vino, champagne o cava;Menos de 1 día a la semana y al menos 1 día al mes;74,1
CIFRAS ABSOLUTAS;Ambos sexos;De 65 a 74 años;Copas de vino, champagne o cava;Menos de 1 día al mes;333,5
CIFRAS ABSOLUTAS;Ambos sexos;De 65 a 74 años;Copas de vino, champagne o cava;No ha consumido este tipo de bebida;160,9
CIFRAS ABSOLUTAS;Ambos sexos;De 65 a 74 años;Cañas de cerveza ( con alcohol), sidra;Total;1.819,4
CIFRAS ABSOLUTAS;Ambos sexos;De 65 a 74 años;Cañas de cerveza ( con alcohol), sidra;Cuatro o más días a la semana;228,0
CIFRAS ABSOLUTAS;Ambos sexos;De 65 a 74 años;Cañas de cerveza ( con alcohol), sidra;De 1 a 3 días a la semana;257,4
CIFRAS ABSOLUTAS;Ambos sexos;De 65 a 74 años;Cañas de cerveza ( con alcohol), sidra;Menos de 1 día a la semana y al menos 1 día al mes;81,9
CIFRAS ABSOLUTAS;Ambos sexos;De 65 a 74 años;Cañas de cerveza ( con alcohol), sidra;Menos de 1 día al mes;351,0
CIFRAS ABSOLUTAS;Ambos sexos;De 65 a 74 años;Cañas de cerveza ( con alcohol), sidra;No ha consumido este tipo de bebida;901,0
CIFRAS ABSOLUTAS;Ambos sexos;De 75 y más años;Copas de vino, champagne o cava;Total;1.021,5
CIFRAS ABSOLUTAS;Ambos sexos;De 75 y más años;Copas de vino, champagne o cava;Cuatro o más días a la semana;615,3
CIFRAS ABSOLUTAS;Ambos sexos;De 75 y más años;Copas de vino, champagne o cava;De 1 a 3 días a la semana;113,2
CIFRAS ABSOLUTAS;Ambos sexos;De 75 y más años;Copas de vino, champagne o cava;Menos de 1 día a la semana y al menos 1 día al mes;43,5
CIFRAS ABSOLUTAS;Ambos sexos;De 75 y más años;Copas de vino, champagne o cava;Menos de 1 día al mes;181,6
CIFRAS ABSOLUTAS;Ambos sexos;De 75 y más años;Copas de vino, champagne o cava;No ha consumido este tipo de bebida;67,9
CIFRAS ABSOLUTAS;Ambos sexos;De 75 y más años;Cañas de cerveza ( con alcohol), sidra;Total;1.021,5
CIFRAS ABSOLUTAS;Ambos sexos;De 75 y más años;Cañas de cerveza ( con alcohol), sidra;Cuatro o más días a la semana;76,9
CIFRAS ABSOLUTAS;Ambos sexos;De 75 y más años;Cañas de cerveza ( con alcohol), sidra;De 1 a 3 días a la semana;84,6
CIFRAS ABSOLUTAS;Ambos sexos;De 75 y más años;Cañas de cerveza ( con alcohol), sidra;Menos de 1 día a la semana y al menos 1 día al mes;52,8
CIFRAS ABSOLUTAS;Ambos sexos;De 75 y más años;Cañas de cerveza ( con alcohol), sidra;Menos de 1 día al mes;200,0
CIFRAS ABSOLUTAS;Ambos sexos;De 75 y más años;Cañas de cerveza ( con alcohol), sidra;No ha consumido este tipo de bebida;607,2
CIFRAS ABSOLUTAS;Varones;Total;Copas de vino, champagne o cava;Total;11.012,2
CIFRAS ABSOLUTAS;Varones;Total;Copas de vino, champagne o cava;Cuatro o más días a la semana;3.774,7
CIFRAS ABSOLUTAS;Varones;Total;Copas de vino, champagne o cava;De 1 a 3 días a la semana;1.871,3
CIFRAS ABSOLUTAS;Varones;Total;Copas de vino, champagne o cava;Menos de 1 día a la semana y al menos 1 día al mes;598,8
CIFRAS ABSOLUTAS;Varones;Total;Copas de vino, champagne o cava;Menos de 1 día al mes;1.989,4
CIFRAS ABSOLUTAS;Varones;Total;Copas de vino, champagne o cava;No ha consumido este tipo de bebida;2.778,0
CIFRAS ABSOLUTAS;Varones;Total;Cañas de cerveza ( con alcohol), sidra;Total;11.012,2
CIFRAS ABSOLUTAS;Varones;Total;Cañas de cerveza ( con alcohol), sidra;Cuatro o más días a la semana;2.423,0
CIFRAS ABSOLUTAS;Varones;Total;Cañas de cerveza ( con alcohol), sidra;De 1 a 3 días a la semana;3.636,8
CIFRAS ABSOLUTAS;Varones;Total;Cañas de cerveza ( con alcohol), sidra;Menos de 1 día a la semana y al menos 1 día al mes;755,2
CIFRAS ABSOLUTAS;Varones;Total;Cañas de cerveza ( con alcohol), sidra;Menos de 1 día al mes;1.586,7
CIFRAS ABSOLUTAS;Varones;Total;Cañas de cerveza ( con alcohol), sidra;No ha consumido este tipo de bebida;2.610,5
CIFRAS ABSOLUTAS;Varones;De 16 a 24 años;Copas de vino, champagne o cava;Total;1.189,2
CIFRAS ABSOLUTAS;Varones;De 16 a 24 años;Copas de vino, champagne o cava;Cuatro o más días a la semana;36,8
CIFRAS ABSOLUTAS;Varones;De 16 a 24 años;Copas de vino, champagne o cava;De 1 a 3 días a la semana;174,3
CIFRAS ABSOLUTAS;Varones;De 16 a 24 años;Copas de vino, champagne o cava;Menos de 1 día a la semana y al menos 1 día al mes;65,5
CIFRAS ABSOLUTAS;Varones;De 16 a 24 años;Copas de vino, champagne o cava;Menos de 1 día al mes;397,4
CIFRAS ABSOLUTAS;Varones;De 16 a 24 años;Copas de vino, champagne o cava;No ha consumido este tipo de bebida;515,2
CIFRAS ABSOLUTAS;Varones;De 16 a 24 años;Cañas de cerveza ( con alcohol), sidra;Total;1.189,2
CIFRAS ABSOLUTAS;Varones;De 16 a 24 años;Cañas de cerveza ( con alcohol), sidra;Cuatro o más días a la semana;146,3
CIFRAS ABSOLUTAS;Varones;De 16 a 24 años;Cañas de cerveza ( con alcohol), sidra;De 1 a 3 días a la semana;599,6
CIFRAS ABSOLUTAS;Varones;De 16 a 24 años;Cañas de cerveza ( con alcohol), sidra;Menos de 1 día a la semana y al menos 1 día al mes;104,7
CIFRAS ABSOLUTAS;Varones;De 16 a 24 años;Cañas de cerveza ( con alcohol), sidra;Menos de 1 día al mes;237,9
CIFRAS ABSOLUTAS;Varones;De 16 a 24 años;Cañas de cerveza ( con alcohol), sidra;No ha consumido este tipo de bebida;100,7
CIFRAS ABSOLUTAS;Varones;De 25 a 34 años;Copas de vino, champagne o cava;Total;2.282,3
CIFRAS ABSOLUTAS;Varones;De 25 a 34 años;Copas de vino, champagne o cava;Cuatro o más días a la semana;283,1
CIFRAS ABSOLUTAS;Varones;De 25 a 34 años;Copas de vino, champagne o cava;De 1 a 3 días a la semana;385,9
CIFRAS ABSOLUTAS;Varones;De 25 a 34 años;Copas de vino, champagne o cava;Menos de 1 día a la semana y al menos 1 día al mes;148,8
CIFRAS ABSOLUTAS;Varones;De 25 a 34 años;Copas de vino, champagne o cava;Menos de 1 día al mes;574,8
CIFRAS ABSOLUTAS;Varones;De 25 a 34 años;Copas de vino, champagne o cava;No ha consumido este tipo de bebida;889,7
CIFRAS ABSOLUTAS;Varones;De 25 a 34 años;Cañas de cerveza ( con alcohol), sidra;Total;2.282,3
CIFRAS ABSOLUTAS;Varones;De 25 a 34 años;Cañas de cerveza ( con alcohol), sidra;Cuatro o más días a la semana;452,0
CIFRAS ABSOLUTAS;Varones;De 25 a 34 años;Cañas de cerveza ( con alcohol), sidra;De 1 a 3 días a la semana;1.014,6
CIFRAS ABSOLUTAS;Varones;De 25 a 34 años;Cañas de cerveza ( con alcohol), sidra;Menos de 1 día a la semana y al menos 1 día al mes;222,9
CIFRAS ABSOLUTAS;Varones;De 25 a 34 años;Cañas de cerveza ( con alcohol), sidra;Menos de 1 día al mes;310,7
CIFRAS ABSOLUTAS;Varones;De 25 a 34 años;Cañas de cerveza ( con alcohol), sidra;No ha consumido este tipo de bebida;282,1
CIFRAS ABSOLUTAS;Varones;De 35 a 44 años;Copas de vino, champagne o cava;Total;2.392,2
CIFRAS ABSOLUTAS;Varones;De 35 a 44 años;Copas de vino, champagne o cava;Cuatro o más días a la semana;633,1
CIFRAS ABSOLUTAS;Varones;De 35 a 44 años;Copas de vino, champagne o cava;De 1 a 3 días a la semana;515,9
CIFRAS ABSOLUTAS;Varones;De 35 a 44 años;Copas de vino, champagne o cava;Menos de 1 día a la semana y al menos 1 día al mes;147,1
CIFRAS ABSOLUTAS;Varones;De 35 a 44 años;Copas de vino, champagne o cava;Menos de 1 día al mes;412,2
CIFRAS ABSOLUTAS;Varones;De 35 a 44 años;Copas de vino, champagne o cava;No ha consumido este tipo de bebida;684,0
CIFRAS ABSOLUTAS;Varones;De 35 a 44 años;Cañas de cerveza ( con alcohol), sidra;Total;2.392,2
CIFRAS ABSOLUTAS;Varones;De 35 a 44 años;Cañas de cerveza ( con alcohol), sidra;Cuatro o más días a la semana;717,0
CIFRAS ABSOLUTAS;Varones;De 35 a 44 años;Cañas de cerveza ( con alcohol), sidra;De 1 a 3 días a la semana;874,2
CIFRAS ABSOLUTAS;Varones;De 35 a 44 años;Cañas de cerveza ( con alcohol), sidra;Menos de 1 día a la semana y al menos 1 día al mes;161,2
CIFRAS ABSOLUTAS;Varones;De 35 a 44 años;Cañas de cerveza ( con alcohol), sidra;Menos de 1 día al mes;285,7
CIFRAS ABSOLUTAS;Varones;De 35 a 44 años;Cañas de cerveza ( con alcohol), sidra;No ha consumido este tipo de bebida;354,2
CIFRAS ABSOLUTAS;Varones;De 45 a 54 años;Copas de vino, champagne o cava;Total;1.915,2
CIFRAS ABSOLUTAS;Varones;De 45 a 54 años;Copas de vino, champagne o cava;Cuatro o más días a la semana;819,8
CIFRAS ABSOLUTAS;Varones;De 45 a 54 años;Copas de vino, champagne o cava;De 1 a 3 días a la semana;317,3
CIFRAS ABSOLUTAS;Varones;De 45 a 54 años;Copas de vino, champagne o cava;Menos de 1 día a la semana y al menos 1 día al mes;120,3
CIFRAS ABSOLUTAS;Varones;De 45 a 54 años;Copas de vino, champagne o cava;Menos de 1 día al mes;245,6
CIFRAS ABSOLUTAS;Varones;De 45 a 54 años;Copas de vino, champagne o cava;No ha consumido este tipo de bebida;412,1
CIFRAS ABSOLUTAS;Varones;De 45 a 54 años;Cañas de cerveza ( con alcohol), sidra;Total;1.915,2
CIFRAS ABSOLUTAS;Varones;De 45 a 54 años;Cañas de cerveza ( con alcohol), sidra;Cuatro o más días a la semana;539,0
CIFRAS ABSOLUTAS;Varones;De 45 a 54 años;Cañas de cerveza ( con alcohol), sidra;De 1 a 3 días a la semana;550,8
CIFRAS ABSOLUTAS;Varones;De 45 a 54 años;Cañas de cerveza ( con alcohol), sidra;Menos de 1 día a la semana y al menos 1 día al mes;110,5
CIFRAS ABSOLUTAS;Varones;De 45 a 54 años;Cañas de cerveza ( con alcohol), sidra;Menos de 1 día al mes;233,0
CIFRAS ABSOLUTAS;Varones;De 45 a 54 años;Cañas de cerveza ( con alcohol), sidra;No ha consumido este tipo de bebida;481,9
CIFRAS ABSOLUTAS;Varones;De 55 a 64 años;Copas de vino, champagne o cava;Total;1.454,1
CIFRAS ABSOLUTAS;Varones;De 55 a 64 años;Copas de vino, champagne o cava;Cuatro o más días a la semana;818,5
CIFRAS ABSOLUTAS;Varones;De 55 a 64 años;Copas de vino, champagne o cava;De 1 a 3 días a la semana;264,7
CIFRAS ABSOLUTAS;Varones;De 55 a 64 años;Copas de vino, champagne o cava;Menos de 1 día a la semana y al menos 1 día al mes;68,3
CIFRAS ABSOLUTAS;Varones;De 55 a 64 años;Copas de vino, champagne o cava;Menos de 1 día al mes;145,2
CIFRAS ABSOLUTAS;Varones;De 55 a 64 años;Copas de vino, champagne o cava;No ha consumido este tipo de bebida;157,5
CIFRAS ABSOLUTAS;Varones;De 55 a 64 años;Cañas de cerveza ( con alcohol), sidra;Total;1.454,1
CIFRAS ABSOLUTAS;Varones;De 55 a 64 años;Cañas de cerveza ( con alcohol), sidra;Cuatro o más días a la semana;318,9
CIFRAS ABSOLUTAS;Varones;De 55 a 64 años;Cañas de cerveza ( con alcohol), sidra;De 1 a 3 días a la semana;345,6
CIFRAS ABSOLUTAS;Varones;De 55 a 64 años;Cañas de cerveza ( con alcohol), sidra;Menos de 1 día a la semana y al menos 1 día al mes;68,6
CIFRAS ABSOLUTAS;Varones;De 55 a 64 años;Cañas de cerveza ( con alcohol), sidra;Menos de 1 día al mes;209,2
CIFRAS ABSOLUTAS;Varones;De 55 a 64 años;Cañas de cerveza ( con alcohol), sidra;No ha consumido este tipo de bebida;511,8
CIFRAS ABSOLUTAS;Varones;De 65 a 74 años;Copas de vino, champagne o cava;Total;1.132,5
CIFRAS ABSOLUTAS;Varones;De 65 a 74 años;Copas de vino, champagne o cava;Cuatro o más días a la semana;741,6
CIFRAS ABSOLUTAS;Varones;De 65 a 74 años;Copas de vino, champagne o cava;De 1 a 3 días a la semana;147,0
CIFRAS ABSOLUTAS;Varones;De 65 a 74 años;Copas de vino, champagne o cava;Menos de 1 día a la semana y al menos 1 día al mes;24,6
CIFRAS ABSOLUTAS;Varones;De 65 a 74 años;Copas de vino, champagne o cava;Menos de 1 día al mes;140,2
CIFRAS ABSOLUTAS;Varones;De 65 a 74 años;Copas de vino, champagne o cava;No ha consumido este tipo de bebida;79,2
CIFRAS ABSOLUTAS;Varones;De 65 a 74 años;Cañas de cerveza ( con alcohol), sidra;Total;1.132,5
CIFRAS ABSOLUTAS;Varones;De 65 a 74 años;Cañas de cerveza ( con alcohol), sidra;Cuatro o más días a la semana;191,8
CIFRAS ABSOLUTAS;Varones;De 65 a 74 años;Cañas de cerveza ( con alcohol), sidra;De 1 a 3 días a la semana;188,3
CIFRAS ABSOLUTAS;Varones;De 65 a 74 años;Cañas de cerveza ( con alcohol), sidra;Menos de 1 día a la semana y al menos 1 día al mes;56,6
CIFRAS ABSOLUTAS;Varones;De 65 a 74 años;Cañas de cerveza ( con alcohol), sidra;Menos de 1 día al mes;185,1
CIFRAS ABSOLUTAS;Varones;De 65 a 74 años;Cañas de cerveza ( con alcohol), sidra;No ha consumido este tipo de bebida;510,7
CIFRAS ABSOLUTAS;Varones;De 75 y más años;Copas de vino, champagne o cava;Total;646,7
CIFRAS ABSOLUTAS;Varones;De 75 y más años;Copas de vino, champagne o cava;Cuatro o más días a la semana;441,7
CIFRAS ABSOLUTAS;Varones;De 75 y más años;Copas de vino, champagne o cava;De 1 a 3 días a la semana;66,2
CIFRAS ABSOLUTAS;Varones;De 75 y más años;Copas de vino, champagne o cava;Menos de 1 día a la semana y al menos 1 día al mes;24,3
CIFRAS ABSOLUTAS;Varones;De 75 y más años;Copas de vino, champagne o cava;Menos de 1 día al mes;74,1
CIFRAS ABSOLUTAS;Varones;De 75 y más años;Copas de vino, champagne o cava;No ha consumido este tipo de bebida;40,4
CIFRAS ABSOLUTAS;Varones;De 75 y más años;Cañas de cerveza ( con alcohol), sidra;Total;646,7
CIFRAS ABSOLUTAS;Varones;De 75 y más años;Cañas de cerveza ( con alcohol), sidra;Cuatro o más días a la semana;58,1
CIFRAS ABSOLUTAS;Varones;De 75 y más años;Cañas de cerveza ( con alcohol), sidra;De 1 a 3 días a la semana;63,7
CIFRAS ABSOLUTAS;Varones;De 75 y más años;Cañas de cerveza ( con alcohol), sidra;Menos de 1 día a la semana y al menos 1 día al mes;30,7
CIFRAS ABSOLUTAS;Varones;De 75 y más años;Cañas de cerveza ( con alcohol), sidra;Menos de 1 día al mes;125,2
CIFRAS ABSOLUTAS;Varones;De 75 y más años;Cañas de cerveza ( con alcohol), sidra;No ha consumido este tipo de bebida;369,0
CIFRAS ABSOLUTAS;Mujeres;Total;Copas de vino, champagne o cava;Total;7.299,7
CIFRAS ABSOLUTAS;Mujeres;Total;Copas de vino, champagne o cava;Cuatro o más días a la semana;1.340,1
CIFRAS ABSOLUTAS;Mujeres;Total;Copas de vino, champagne o cava;De 1 a 3 días a la semana;1.472,2
CIFRAS ABSOLUTAS;Mujeres;Total;Copas de vino, champagne o cava;Menos de 1 día a la semana y al menos 1 día al mes;642,9
CIFRAS ABSOLUTAS;Mujeres;Total;Copas de vino, champagne o cava;Menos de 1 día al mes;2.134,4
CIFRAS ABSOLUTAS;Mujeres;Total;Copas de vino, champagne o cava;No ha consumido este tipo de bebida;1.710,1
CIFRAS ABSOLUTAS;Mujeres;Total;Cañas de cerveza ( con alcohol), sidra;Total;7.299,7
CIFRAS ABSOLUTAS;Mujeres;Total;Cañas de cerveza ( con alcohol), sidra;Cuatro o más días a la semana;553,8
CIFRAS ABSOLUTAS;Mujeres;Total;Cañas de cerveza ( con alcohol), sidra;De 1 a 3 días a la semana;2.035,1
CIFRAS ABSOLUTAS;Mujeres;Total;Cañas de cerveza ( con alcohol), sidra;Menos de 1 día a la semana y al menos 1 día al mes;612,8
CIFRAS ABSOLUTAS;Mujeres;Total;Cañas de cerveza ( con alcohol), sidra;Menos de 1 día al mes;1.656,5
CIFRAS ABSOLUTAS;Mujeres;Total;Cañas de cerveza ( con alcohol), sidra;No ha consumido este tipo de bebida;2.441,5
CIFRAS ABSOLUTAS;Mujeres;De 16 a 24 años;Copas de vino, champagne o cava;Total;788,8
CIFRAS ABSOLUTAS;Mujeres;De 16 a 24 años;Copas de vino, champagne o cava;Cuatro o más días a la semana;5,0
CIFRAS ABSOLUTAS;Mujeres;De 16 a 24 años;Copas de vino, champagne o cava;De 1 a 3 días a la semana;123,1
CIFRAS ABSOLUTAS;Mujeres;De 16 a 24 años;Copas de vino, champagne o cava;Menos de 1 día a la semana y al menos 1 día al mes;58,7
CIFRAS ABSOLUTAS;Mujeres;De 16 a 24 años;Copas de vino, champagne o cava;Menos de 1 día al mes;288,9
CIFRAS ABSOLUTAS;Mujeres;De 16 a 24 años;Copas de vino, champagne o cava;No ha consumido este tipo de bebida;313,1
CIFRAS ABSOLUTAS;Mujeres;De 16 a 24 años;Cañas de cerveza ( con alcohol), sidra;Total;788,8
CIFRAS ABSOLUTAS;Mujeres;De 16 a 24 años;Cañas de cerveza ( con alcohol), sidra;Cuatro o más días a la semana;23,1
CIFRAS ABSOLUTAS;Mujeres;De 16 a 24 años;Cañas de cerveza ( con alcohol), sidra;De 1 a 3 días a la semana;327,7
CIFRAS ABSOLUTAS;Mujeres;De 16 a 24 años;Cañas de cerveza ( con alcohol), sidra;Menos de 1 día a la semana y al menos 1 día al mes;96,6
CIFRAS ABSOLUTAS;Mujeres;De 16 a 24 años;Cañas de cerveza ( con alcohol), sidra;Menos de 1 día al mes;182,8
CIFRAS ABSOLUTAS;Mujeres;De 16 a 24 años;Cañas de cerveza ( con alcohol), sidra;No ha consumido este tipo de bebida;158,6
CIFRAS ABSOLUTAS;Mujeres;De 25 a 34 años;Copas de vino, champagne o cava;Total;1.604,7
CIFRAS ABSOLUTAS;Mujeres;De 25 a 34 años;Copas de vino, champagne o cava;Cuatro o más días a la semana;83,7
CIFRAS ABSOLUTAS;Mujeres;De 25 a 34 años;Copas de vino, champagne o cava;De 1 a 3 días a la semana;340,4
CIFRAS ABSOLUTAS;Mujeres;De 25 a 34 años;Copas de vino, champagne o cava;Menos de 1 día a la semana y al menos 1 día al mes;167,4
CIFRAS ABSOLUTAS;Mujeres;De 25 a 34 años;Copas de vino, champagne o cava;Menos de 1 día al mes;470,1
CIFRAS ABSOLUTAS;Mujeres;De 25 a 34 años;Copas de vino, champagne o cava;No ha consumido este tipo de bebida;543,0
CIFRAS ABSOLUTAS;Mujeres;De 25 a 34 años;Cañas de cerveza ( con alcohol), sidra;Total;1.604,7
CIFRAS ABSOLUTAS;Mujeres;De 25 a 34 años;Cañas de cerveza ( con alcohol), sidra;Cuatro o más días a la semana;96,6
CIFRAS ABSOLUTAS;Mujeres;De 25 a 34 años;Cañas de cerveza ( con alcohol), sidra;De 1 a 3 días a la semana;574,5
CIFRAS ABSOLUTAS;Mujeres;De 25 a 34 años;Cañas de cerveza ( con alcohol), sidra;Menos de 1 día a la semana y al menos 1 día al mes;171,2
CIFRAS ABSOLUTAS;Mujeres;De 25 a 34 años;Cañas de cerveza ( con alcohol), sidra;Menos de 1 día al mes;385,5
CIFRAS ABSOLUTAS;Mujeres;De 25 a 34 años;Cañas de cerveza ( con alcohol), sidra;No ha consumido este tipo de bebida;377,1
CIFRAS ABSOLUTAS;Mujeres;De 35 a 44 años;Copas de vino, champagne o cava;Total;1.614,9
CIFRAS ABSOLUTAS;Mujeres;De 35 a 44 años;Copas de vino, champagne o cava;Cuatro o más días a la semana;220,1
CIFRAS ABSOLUTAS;Mujeres;De 35 a 44 años;Copas de vino, champagne o cava;De 1 a 3 días a la semana;396,3
CIFRAS ABSOLUTAS;Mujeres;De 35 a 44 años;Copas de vino, champagne o cava;Menos de 1 día a la semana y al menos 1 día al mes;182,1
CIFRAS ABSOLUTAS;Mujeres;De 35 a 44 años;Copas de vino, champagne o cava;Menos de 1 día al mes;469,8
CIFRAS ABSOLUTAS;Mujeres;De 35 a 44 años;Copas de vino, champagne o cava;No ha consumido este tipo de bebida;346,6
CIFRAS ABSOLUTAS;Mujeres;De 35 a 44 años;Cañas de cerveza ( con alcohol), sidra;Total;1.614,9
CIFRAS ABSOLUTAS;Mujeres;De 35 a 44 años;Cañas de cerveza ( con alcohol), sidra;Cuatro o más días a la semana;171,2
CIFRAS ABSOLUTAS;Mujeres;De 35 a 44 años;Cañas de cerveza ( con alcohol), sidra;De 1 a 3 días a la semana;539,6
CIFRAS ABSOLUTAS;Mujeres;De 35 a 44 años;Cañas de cerveza ( con alcohol), sidra;Menos de 1 día a la semana y al menos 1 día al mes;130,3
CIFRAS ABSOLUTAS;Mujeres;De 35 a 44 años;Cañas de cerveza ( con alcohol), sidra;Menos de 1 día al mes;339,7
CIFRAS ABSOLUTAS;Mujeres;De 35 a 44 años;Cañas de cerveza ( con alcohol), sidra;No ha consumido este tipo de bebida;434,0
CIFRAS ABSOLUTAS;Mujeres;De 45 a 54 años;Copas de vino, champagne o cava;Total;1.326,6
CIFRAS ABSOLUTAS;Mujeres;De 45 a 54 años;Copas de vino, champagne o cava;Cuatro o más días a la semana;314,9
CIFRAS ABSOLUTAS;Mujeres;De 45 a 54 años;Copas de vino, champagne o cava;De 1 a 3 días a la semana;299,9
CIFRAS ABSOLUTAS;Mujeres;De 45 a 54 años;Copas de vino, champagne o cava;Menos de 1 día a la semana y al menos 1 día al mes;106,4
CIFRAS ABSOLUTAS;Mujeres;De 45 a 54 años;Copas de vino, champagne o cava;Menos de 1 día al mes;327,7
CIFRAS ABSOLUTAS;Mujeres;De 45 a 54 años;Copas de vino, champagne o cava;No ha consumido este tipo de bebida;277,7
CIFRAS ABSOLUTAS;Mujeres;De 45 a 54 años;Cañas de cerveza ( con alcohol), sidra;Total;1.326,6
CIFRAS ABSOLUTAS;Mujeres;De 45 a 54 años;Cañas de cerveza ( con alcohol), sidra;Cuatro o más días a la semana;162,2
CIFRAS ABSOLUTAS;Mujeres;De 45 a 54 años;Cañas de cerveza ( con alcohol), sidra;De 1 a 3 días a la semana;338,3
CIFRAS ABSOLUTAS;Mujeres;De 45 a 54 años;Cañas de cerveza ( con alcohol), sidra;Menos de 1 día a la semana y al menos 1 día al mes;94,2
CIFRAS ABSOLUTAS;Mujeres;De 45 a 54 años;Cañas de cerveza ( con alcohol), sidra;Menos de 1 día al mes;294,5
CIFRAS ABSOLUTAS;Mujeres;De 45 a 54 años;Cañas de cerveza ( con alcohol), sidra;No ha consumido este tipo de bebida;437,4
CIFRAS ABSOLUTAS;Mujeres;De 55 a 64 años;Copas de vino, champagne o cava;Total;903,0
CIFRAS ABSOLUTAS;Mujeres;De 55 a 64 años;Copas de vino, champagne o cava;Cuatro o más días a la semana;258,1
CIFRAS ABSOLUTAS;Mujeres;De 55 a 64 años;Copas de vino, champagne o cava;De 1 a 3 días a la semana;187,8
CIFRAS ABSOLUTAS;Mujeres;De 55 a 64 años;Copas de vino, champagne o cava;Menos de 1 día a la semana y al menos 1 día al mes;59,6
CIFRAS ABSOLUTAS;Mujeres;De 55 a 64 años;Copas de vino, champagne o cava;Menos de 1 día al mes;277,0
CIFRAS ABSOLUTAS;Mujeres;De 55 a 64 años;Copas de vino, champagne o cava;No ha consumido este tipo de bebida;120,4
CIFRAS ABSOLUTAS;Mujeres;De 55 a 64 años;Cañas de cerveza ( con alcohol), sidra;Total;903,0
CIFRAS ABSOLUTAS;Mujeres;De 55 a 64 años;Cañas de cerveza ( con alcohol), sidra;Cuatro o más días a la semana;45,7
CIFRAS ABSOLUTAS;Mujeres;De 55 a 64 años;Cañas de cerveza ( con alcohol), sidra;De 1 a 3 días a la semana;165,0
CIFRAS ABSOLUTAS;Mujeres;De 55 a 64 años;Cañas de cerveza ( con alcohol), sidra;Menos de 1 día a la semana y al menos 1 día al mes;73,1
CIFRAS ABSOLUTAS;Mujeres;De 55 a 64 años;Cañas de cerveza ( con alcohol), sidra;Menos de 1 día al mes;213,4
CIFRAS ABSOLUTAS;Mujeres;De 55 a 64 años;Cañas de cerveza ( con alcohol), sidra;No ha consumido este tipo de bebida;405,9
CIFRAS ABSOLUTAS;Mujeres;De 65 a 74 años;Copas de vino, champagne o cava;Total;686,8
CIFRAS ABSOLUTAS;Mujeres;De 65 a 74 años;Copas de vino, champagne o cava;Cuatro o más días a la semana;284,6
CIFRAS ABSOLUTAS;Mujeres;De 65 a 74 años;Copas de vino, champagne o cava;De 1 a 3 días a la semana;77,7
CIFRAS ABSOLUTAS;Mujeres;De 65 a 74 años;Copas de vino, champagne o cava;Menos de 1 día a la semana y al menos 1 día al mes;49,5
CIFRAS ABSOLUTAS;Mujeres;De 65 a 74 años;Copas de vino, champagne o cava;Menos de 1 día al mes;193,3
CIFRAS ABSOLUTAS;Mujeres;De 65 a 74 años;Copas de vino, champagne o cava;No ha consumido este tipo de bebida;81,7
CIFRAS ABSOLUTAS;Mujeres;De 65 a 74 años;Cañas de cerveza ( con alcohol), sidra;Total;686,8
CIFRAS ABSOLUTAS;Mujeres;De 65 a 74 años;Cañas de cerveza ( con alcohol), sidra;Cuatro o más días a la semana;36,3
CIFRAS ABSOLUTAS;Mujeres;De 65 a 74 años;Cañas de cerveza ( con alcohol), sidra;De 1 a 3 días a la semana;69,0
CIFRAS ABSOLUTAS;Mujeres;De 65 a 74 años;Cañas de cerveza ( con alcohol), sidra;Menos de 1 día a la semana y al menos 1 día al mes;25,3
CIFRAS ABSOLUTAS;Mujeres;De 65 a 74 años;Cañas de cerveza ( con alcohol), sidra;Menos de 1 día al mes;166,0
CIFRAS ABSOLUTAS;Mujeres;De 65 a 74 años;Cañas de cerveza ( con alcohol), sidra;No ha consumido este tipo de bebida;390,3
CIFRAS ABSOLUTAS;Mujeres;De 75 y más años;Copas de vino, champagne o cava;Total;374,8
CIFRAS ABSOLUTAS;Mujeres;De 75 y más años;Copas de vino, champagne o cava;Cuatro o más días a la semana;173,6
CIFRAS ABSOLUTAS;Mujeres;De 75 y más años;Copas de vino, champagne o cava;De 1 a 3 días a la semana;47,0
CIFRAS ABSOLUTAS;Mujeres;De 75 y más años;Copas de vino, champagne o cava;Menos de 1 día a la semana y al menos 1 día al mes;19,2
CIFRAS ABSOLUTAS;Mujeres;De 75 y más años;Copas de vino, champagne o cava;Menos de 1 día al mes;107,6
CIFRAS ABSOLUTAS;Mujeres;De 75 y más años;Copas de vino, champagne o cava;No ha consumido este tipo de bebida;27,4
CIFRAS ABSOLUTAS;Mujeres;De 75 y más años;Cañas de cerveza ( con alcohol), sidra;Total;374,8
CIFRAS ABSOLUTAS;Mujeres;De 75 y más años;Cañas de cerveza ( con alcohol), sidra;Cuatro o más días a la semana;18,8
CIFRAS ABSOLUTAS;Mujeres;De 75 y más años;Cañas de cerveza ( con alcohol), sidra;De 1 a 3 días a la semana;20,9
CIFRAS ABSOLUTAS;Mujeres;De 75 y más años;Cañas de cerveza ( con alcohol), sidra;Menos de 1 día a la semana y al menos 1 día al mes;22,2
CIFRAS ABSOLUTAS;Mujeres;De 75 y más años;Cañas de cerveza ( con alcohol), sidra;Menos de 1 día al mes;74,7
CIFRAS ABSOLUTAS;Mujeres;De 75 y más años;Cañas de cerveza ( con alcohol), sidra;No ha consumido este tipo de bebida;238,2
CIFRAS RELATIVAS;Ambos sexos;Total;Copas de vino, champagne o cava;Total;100,00
CIFRAS RELATIVAS;Ambos sexos;Total;Copas de vino, champagne o cava;Cuatro o más días a la semana;27,93
CIFRAS RELATIVAS;Ambos sexos;Total;Copas de vino, champagne o cava;De 1 a 3 días a la semana;18,26
CIFRAS RELATIVAS;Ambos sexos;Total;Copas de vino, champagne o cava;Menos de 1 día a la semana y al menos 1 día al mes;6,78
CIFRAS RELATIVAS;Ambos sexos;Total;Copas de vino, champagne o cava;Menos de 1 día al mes;22,52
CIFRAS RELATIVAS;Ambos sexos;Total;Copas de vino, champagne o cava;No ha consumido este tipo de bebida;24,51
CIFRAS RELATIVAS;Ambos sexos;Total;Cañas de cerveza ( con alcohol), sidra;Total;100,00
CIFRAS RELATIVAS;Ambos sexos;Total;Cañas de cerveza ( con alcohol), sidra;Cuatro o más días a la semana;16,26
CIFRAS RELATIVAS;Ambos sexos;Total;Cañas de cerveza ( con alcohol), sidra;De 1 a 3 días a la semana;30,97
CIFRAS RELATIVAS;Ambos sexos;Total;Cañas de cerveza ( con alcohol), sidra;Menos de 1 día a la semana y al menos 1 día al mes;7,47
CIFRAS RELATIVAS;Ambos sexos;Total;Cañas de cerveza ( con alcohol), sidra;Menos de 1 día al mes;17,71
CIFRAS RELATIVAS;Ambos sexos;Total;Cañas de cerveza ( con alcohol), sidra;No ha consumido este tipo de bebida;27,59
CIFRAS RELATIVAS;Ambos sexos;De 16 a 24 años;Copas de vino, champagne o cava;Total;100,00
CIFRAS RELATIVAS;Ambos sexos;De 16 a 24 años;Copas de vino, champagne o cava;Cuatro o más días a la semana;2,12
CIFRAS RELATIVAS;Ambos sexos;De 16 a 24 años;Copas de vino, champagne o cava;De 1 a 3 días a la semana;15,04
CIFRAS RELATIVAS;Ambos sexos;De 16 a 24 años;Copas de vino, champagne o cava;Menos de 1 día a la semana y al menos 1 día al mes;6,28
CIFRAS RELATIVAS;Ambos sexos;De 16 a 24 años;Copas de vino, champagne o cava;Menos de 1 día al mes;34,69
CIFRAS RELATIVAS;Ambos sexos;De 16 a 24 años;Copas de vino, champagne o cava;No ha consumido este tipo de bebida;41,87
CIFRAS RELATIVAS;Ambos sexos;De 16 a 24 años;Cañas de cerveza ( con alcohol), sidra;Total;100,00
CIFRAS RELATIVAS;Ambos sexos;De 16 a 24 años;Cañas de cerveza ( con alcohol), sidra;Cuatro o más días a la semana;8,56
CIFRAS RELATIVAS;Ambos sexos;De 16 a 24 años;Cañas de cerveza ( con alcohol), sidra;De 1 a 3 días a la semana;46,88
CIFRAS RELATIVAS;Ambos sexos;De 16 a 24 años;Cañas de cerveza ( con alcohol), sidra;Menos de 1 día a la semana y al menos 1 día al mes;10,18
CIFRAS RELATIVAS;Ambos sexos;De 16 a 24 años;Cañas de cerveza ( con alcohol), sidra;Menos de 1 día al mes;21,27
CIFRAS RELATIVAS;Ambos sexos;De 16 a 24 años;Cañas de cerveza ( con alcohol), sidra;No ha consumido este tipo de bebida;13,11
CIFRAS RELATIVAS;Ambos sexos;De 25 a 34 años;Copas de vino, champagne o cava;Total;100,00
CIFRAS RELATIVAS;Ambos sexos;De 25 a 34 años;Copas de vino, champagne o cava;Cuatro o más días a la semana;9,44
CIFRAS RELATIVAS;Ambos sexos;De 25 a 34 años;Copas de vino, champagne o cava;De 1 a 3 días a la semana;18,68
CIFRAS RELATIVAS;Ambos sexos;De 25 a 34 años;Copas de vino, champagne o cava;Menos de 1 día a la semana y al menos 1 día al mes;8,14
CIFRAS RELATIVAS;Ambos sexos;De 25 a 34 años;Copas de vino, champagne o cava;Menos de 1 día al mes;26,88
CIFRAS RELATIVAS;Ambos sexos;De 25 a 34 años;Copas de vino, champagne o cava;No ha consumido este tipo de bebida;36,86
CIFRAS RELATIVAS;Ambos sexos;De 25 a 34 años;Cañas de cerveza ( con alcohol), sidra;Total;100,00
CIFRAS RELATIVAS;Ambos sexos;De 25 a 34 años;Cañas de cerveza ( con alcohol), sidra;Cuatro o más días a la semana;14,11
CIFRAS RELATIVAS;Ambos sexos;De 25 a 34 años;Cañas de cerveza ( con alcohol), sidra;De 1 a 3 días a la semana;40,88
CIFRAS RELATIVAS;Ambos sexos;De 25 a 34 años;Cañas de cerveza ( con alcohol), sidra;Menos de 1 día a la semana y al menos 1 día al mes;10,14
CIFRAS RELATIVAS;Ambos sexos;De 25 a 34 años;Cañas de cerveza ( con alcohol), sidra;Menos de 1 día al mes;17,91
CIFRAS RELATIVAS;Ambos sexos;De 25 a 34 años;Cañas de cerveza ( con alcohol), sidra;No ha consumido este tipo de bebida;16,96
CIFRAS RELATIVAS;Ambos sexos;De 35 a 44 años;Copas de vino, champagne o cava;Total;100,00
CIFRAS RELATIVAS;Ambos sexos;De 35 a 44 años;Copas de vino, champagne o cava;Cuatro o más días a la semana;21,29
CIFRAS RELATIVAS;Ambos sexos;De 35 a 44 años;Copas de vino, champagne o cava;De 1 a 3 días a la semana;22,76
CIFRAS RELATIVAS;Ambos sexos;De 35 a 44 años;Copas de vino, champagne o cava;Menos de 1 día a la semana y al menos 1 día al mes;8,21
CIFRAS RELATIVAS;Ambos sexos;De 35 a 44 años;Copas de vino, champagne o cava;Menos de 1 día al mes;22,01
CIFRAS RELATIVAS;Ambos sexos;De 35 a 44 años;Copas de vino, champagne o cava;No ha consumido este tipo de bebida;25,72
CIFRAS RELATIVAS;Ambos sexos;De 35 a 44 años;Cañas de cerveza ( con alcohol), sidra;Total;100,00
CIFRAS RELATIVAS;Ambos sexos;De 35 a 44 años;Cañas de cerveza ( con alcohol), sidra;Cuatro o más días a la semana;22,17
CIFRAS RELATIVAS;Ambos sexos;De 35 a 44 años;Cañas de cerveza ( con alcohol), sidra;De 1 a 3 días a la semana;35,28
CIFRAS RELATIVAS;Ambos sexos;De 35 a 44 años;Cañas de cerveza ( con alcohol), sidra;Menos de 1 día a la semana y al menos 1 día al mes;7,27
CIFRAS RELATIVAS;Ambos sexos;De 35 a 44 años;Cañas de cerveza ( con alcohol), sidra;Menos de 1 día al mes;15,61
CIFRAS RELATIVAS;Ambos sexos;De 35 a 44 años;Cañas de cerveza ( con alcohol), sidra;No ha consumido este tipo de bebida;19,67
CIFRAS RELATIVAS;Ambos sexos;De 45 a 54 años;Copas de vino, champagne o cava;Total;100,00
CIFRAS RELATIVAS;Ambos sexos;De 45 a 54 años;Copas de vino, champagne o cava;Cuatro o más días a la semana;35,00
CIFRAS RELATIVAS;Ambos sexos;De 45 a 54 años;Copas de vino, champagne o cava;De 1 a 3 días a la semana;19,04
CIFRAS RELATIVAS;Ambos sexos;De 45 a 54 años;Copas de vino, champagne o cava;Menos de 1 día a la semana y al menos 1 día al mes;6,99
CIFRAS RELATIVAS;Ambos sexos;De 45 a 54 años;Copas de vino, champagne o cava;Menos de 1 día al mes;17,69
CIFRAS RELATIVAS;Ambos sexos;De 45 a 54 años;Copas de vino, champagne o cava;No ha consumido este tipo de bebida;21,28
CIFRAS RELATIVAS;Ambos sexos;De 45 a 54 años;Cañas de cerveza ( con alcohol), sidra;Total;100,00
CIFRAS RELATIVAS;Ambos sexos;De 45 a 54 años;Cañas de cerveza ( con alcohol), sidra;Cuatro o más días a la semana;21,63
CIFRAS RELATIVAS;Ambos sexos;De 45 a 54 años;Cañas de cerveza ( con alcohol), sidra;De 1 a 3 días a la semana;27,43
CIFRAS RELATIVAS;Ambos sexos;De 45 a 54 años;Cañas de cerveza ( con alcohol), sidra;Menos de 1 día a la semana y al menos 1 día al mes;6,31
CIFRAS RELATIVAS;Ambos sexos;De 45 a 54 años;Cañas de cerveza ( con alcohol), sidra;Menos de 1 día al mes;16,27
CIFRAS RELATIVAS;Ambos sexos;De 45 a 54 años;Cañas de cerveza ( con alcohol), sidra;No ha consumido este tipo de bebida;28,36
CIFRAS RELATIVAS;Ambos sexos;De 55 a 64 años;Copas de vino, champagne o cava;Total;100,00
CIFRAS RELATIVAS;Ambos sexos;De 55 a 64 años;Copas de vino, champagne o cava;Cuatro o más días a la semana;45,67
CIFRAS RELATIVAS;Ambos sexos;De 55 a 64 años;Copas de vino, champagne o cava;De 1 a 3 días a la semana;19,20
CIFRAS RELATIVAS;Ambos sexos;De 55 a 64 años;Copas de vino, champagne o cava;Menos de 1 día a la semana y al menos 1 día al mes;5,42
CIFRAS RELATIVAS;Ambos sexos;De 55 a 64 años;Copas de vino, champagne o cava;Menos de 1 día al mes;17,91
CIFRAS RELATIVAS;Ambos sexos;De 55 a 64 años;Copas de vino, champagne o cava;No ha consumido este tipo de bebida;11,79
CIFRAS RELATIVAS;Ambos sexos;De 55 a 64 años;Cañas de cerveza ( con alcohol), sidra;Total;100,00
CIFRAS RELATIVAS;Ambos sexos;De 55 a 64 años;Cañas de cerveza ( con alcohol), sidra;Cuatro o más días a la semana;15,47
CIFRAS RELATIVAS;Ambos sexos;De 55 a 64 años;Cañas de cerveza ( con alcohol), sidra;De 1 a 3 días a la semana;21,66
CIFRAS RELATIVAS;Ambos sexos;De 55 a 64 años;Cañas de cerveza ( con alcohol), sidra;Menos de 1 día a la semana y al menos 1 día al mes;6,01
CIFRAS RELATIVAS;Ambos sexos;De 55 a 64 años;Cañas de cerveza ( con alcohol), sidra;Menos de 1 día al mes;17,93
CIFRAS RELATIVAS;Ambos sexos;De 55 a 64 años;Cañas de cerveza ( con alcohol), sidra;No ha consumido este tipo de bebida;38,93
CIFRAS RELATIVAS;Ambos sexos;De 65 a 74 años;Copas de vino, champagne o cava;Total;100,00
CIFRAS RELATIVAS;Ambos sexos;De 65 a 74 años;Copas de vino, champagne o cava;Cuatro o más días a la semana;56,41
CIFRAS RELATIVAS;Ambos sexos;De 65 a 74 años;Copas de vino, champagne o cava;De 1 a 3 días a la semana;12,35
CIFRAS RELATIVAS;Ambos sexos;De 65 a 74 años;Copas de vino, champagne o cava;Menos de 1 día a la semana y al menos 1 día al mes;4,07
CIFRAS RELATIVAS;Ambos sexos;De 65 a 74 años;Copas de vino, champagne o cava;Menos de 1 día al mes;18,33
CIFRAS RELATIVAS;Ambos sexos;De 65 a 74 años;Copas de vino, champagne o cava;No ha consumido este tipo de bebida;8,84
CIFRAS RELATIVAS;Ambos sexos;De 65 a 74 años;Cañas de cerveza ( con alcohol), sidra;Total;100,00
CIFRAS RELATIVAS;Ambos sexos;De 65 a 74 años;Cañas de cerveza ( con alcohol), sidra;Cuatro o más días a la semana;12,53
CIFRAS RELATIVAS;Ambos sexos;De 65 a 74 años;Cañas de cerveza ( con alcohol), sidra;De 1 a 3 días a la semana;14,15
CIFRAS RELATIVAS;Ambos sexos;De 65 a 74 años;Cañas de cerveza ( con alcohol), sidra;Menos de 1 día a la semana y al menos 1 día al mes;4,50
CIFRAS RELATIVAS;Ambos sexos;De 65 a 74 años;Cañas de cerveza ( con alcohol), sidra;Menos de 1 día al mes;19,29
CIFRAS RELATIVAS;Ambos sexos;De 65 a 74 años;Cañas de cerveza ( con alcohol), sidra;No ha consumido este tipo de bebida;49,52
CIFRAS RELATIVAS;Ambos sexos;De 75 y más años;Copas de vino, champagne o cava;Total;100,00
CIFRAS RELATIVAS;Ambos sexos;De 75 y más años;Copas de vino, champagne o cava;Cuatro o más días a la semana;60,23
CIFRAS RELATIVAS;Ambos sexos;De 75 y más años;Copas de vino, champagne o cava;De 1 a 3 días a la semana;11,08
CIFRAS RELATIVAS;Ambos sexos;De 75 y más años;Copas de vino, champagne o cava;Menos de 1 día a la semana y al menos 1 día al mes;4,26
CIFRAS RELATIVAS;Ambos sexos;De 75 y más años;Copas de vino, champagne o cava;Menos de 1 día al mes;17,78
CIFRAS RELATIVAS;Ambos sexos;De 75 y más años;Copas de vino, champagne o cava;No ha consumido este tipo de bebida;6,64
CIFRAS RELATIVAS;Ambos sexos;De 75 y más años;Cañas de cerveza ( con alcohol), sidra;Total;100,00
CIFRAS RELATIVAS;Ambos sexos;De 75 y más años;Cañas de cerveza ( con alcohol), sidra;Cuatro o más días a la semana;7,53
CIFRAS RELATIVAS;Ambos sexos;De 75 y más años;Cañas de cerveza ( con alcohol), sidra;De 1 a 3 días a la semana;8,28
CIFRAS RELATIVAS;Ambos sexos;De 75 y más años;Cañas de cerveza ( con alcohol), sidra;Menos de 1 día a la semana y al menos 1 día al mes;5,17
CIFRAS RELATIVAS;Ambos sexos;De 75 y más años;Cañas de cerveza ( con alcohol), sidra;Menos de 1 día al mes;19,58
CIFRAS RELATIVAS;Ambos sexos;De 75 y más años;Cañas de cerveza ( con alcohol), sidra;No ha consumido este tipo de bebida;59,44
CIFRAS RELATIVAS;Varones;Total;Copas de vino, champagne o cava;Total;100,00
CIFRAS RELATIVAS;Varones;Total;Copas de vino, champagne o cava;Cuatro o más días a la semana;34,28
CIFRAS RELATIVAS;Varones;Total;Copas de vino, champagne o cava;De 1 a 3 días a la semana;16,99
CIFRAS RELATIVAS;Varones;Total;Copas de vino, champagne o cava;Menos de 1 día a la semana y al menos 1 día al mes;5,44
CIFRAS RELATIVAS;Varones;Total;Copas de vino, champagne o cava;Menos de 1 día al mes;18,07
CIFRAS RELATIVAS;Varones;Total;Copas de vino, champagne o cava;No ha consumido este tipo de bebida;25,23
CIFRAS RELATIVAS;Varones;Total;Cañas de cerveza ( con alcohol), sidra;Total;100,00
CIFRAS RELATIVAS;Varones;Total;Cañas de cerveza ( con alcohol), sidra;Cuatro o más días a la semana;22,00
CIFRAS RELATIVAS;Varones;Total;Cañas de cerveza ( con alcohol), sidra;De 1 a 3 días a la semana;33,03
CIFRAS RELATIVAS;Varones;Total;Cañas de cerveza ( con alcohol), sidra;Menos de 1 día a la semana y al menos 1 día al mes;6,86
CIFRAS RELATIVAS;Varones;Total;Cañas de cerveza ( con alcohol), sidra;Menos de 1 día al mes;14,41
CIFRAS RELATIVAS;Varones;Total;Cañas de cerveza ( con alcohol), sidra;No ha consumido este tipo de bebida;23,71
CIFRAS RELATIVAS;Varones;De 16 a 24 años;Copas de vino, champagne o cava;Total;100,00
CIFRAS RELATIVAS;Varones;De 16 a 24 años;Copas de vino, champagne o cava;Cuatro o más días a la semana;3,10
CIFRAS RELATIVAS;Varones;De 16 a 24 años;Copas de vino, champagne o cava;De 1 a 3 días a la semana;14,65
CIFRAS RELATIVAS;Varones;De 16 a 24 años;Copas de vino, champagne o cava;Menos de 1 día a la semana y al menos 1 día al mes;5,51
CIFRAS RELATIVAS;Varones;De 16 a 24 años;Copas de vino, champagne o cava;Menos de 1 día al mes;33,42
CIFRAS RELATIVAS;Varones;De 16 a 24 años;Copas de vino, champagne o cava;No ha consumido este tipo de bebida;43,32
CIFRAS RELATIVAS;Varones;De 16 a 24 años;Cañas de cerveza ( con alcohol), sidra;Total;100,00
CIFRAS RELATIVAS;Varones;De 16 a 24 años;Cañas de cerveza ( con alcohol), sidra;Cuatro o más días a la semana;12,30
CIFRAS RELATIVAS;Varones;De 16 a 24 años;Cañas de cerveza ( con alcohol), sidra;De 1 a 3 días a la semana;50,42
CIFRAS RELATIVAS;Varones;De 16 a 24 años;Cañas de cerveza ( con alcohol), sidra;Menos de 1 día a la semana y al menos 1 día al mes;8,81
CIFRAS RELATIVAS;Varones;De 16 a 24 años;Cañas de cerveza ( con alcohol), sidra;Menos de 1 día al mes;20,00
CIFRAS RELATIVAS;Varones;De 16 a 24 años;Cañas de cerveza ( con alcohol), sidra;No ha consumido este tipo de bebida;8,47
CIFRAS RELATIVAS;Varones;De 25 a 34 años;Copas de vino, champagne o cava;Total;100,00
CIFRAS RELATIVAS;Varones;De 25 a 34 años;Copas de vino, champagne o cava;Cuatro o más días a la semana;12,41
CIFRAS RELATIVAS;Varones;De 25 a 34 años;Copas de vino, champagne o cava;De 1 a 3 días a la semana;16,91
CIFRAS RELATIVAS;Varones;De 25 a 34 años;Copas de vino, champagne o cava;Menos de 1 día a la semana y al menos 1 día al mes;6,52
CIFRAS RELATIVAS;Varones;De 25 a 34 años;Copas de vino, champagne o cava;Menos de 1 día al mes;25,19
CIFRAS RELATIVAS;Varones;De 25 a 34 años;Copas de vino, champagne o cava;No ha consumido este tipo de bebida;38,98
CIFRAS RELATIVAS;Varones;De 25 a 34 años;Cañas de cerveza ( con alcohol), sidra;Total;100,00
CIFRAS RELATIVAS;Varones;De 25 a 34 años;Cañas de cerveza ( con alcohol), sidra;Cuatro o más días a la semana;19,81
CIFRAS RELATIVAS;Varones;De 25 a 34 años;Cañas de cerveza ( con alcohol), sidra;De 1 a 3 días a la semana;44,45
CIFRAS RELATIVAS;Varones;De 25 a 34 años;Cañas de cerveza ( con alcohol), sidra;Menos de 1 día a la semana y al menos 1 día al mes;9,77
CIFRAS RELATIVAS;Varones;De 25 a 34 años;Cañas de cerveza ( con alcohol), sidra;Menos de 1 día al mes;13,61
CIFRAS RELATIVAS;Varones;De 25 a 34 años;Cañas de cerveza ( con alcohol), sidra;No ha consumido este tipo de bebida;12,36
CIFRAS RELATIVAS;Varones;De 35 a 44 años;Copas de vino, champagne o cava;Total;100,00
CIFRAS RELATIVAS;Varones;De 35 a 44 años;Copas de vino, champagne o cava;Cuatro o más días a la semana;26,46
CIFRAS RELATIVAS;Varones;De 35 a 44 años;Copas de vino, champagne o cava;De 1 a 3 días a la semana;21,57
CIFRAS RELATIVAS;Varones;De 35 a 44 años;Copas de vino, champagne o cava;Menos de 1 día a la semana y al menos 1 día al mes;6,15
CIFRAS RELATIVAS;Varones;De 35 a 44 años;Copas de vino, champagne o cava;Menos de 1 día al mes;17,23
CIFRAS RELATIVAS;Varones;De 35 a 44 años;Copas de vino, champagne o cava;No ha consumido este tipo de bebida;28,59
CIFRAS RELATIVAS;Varones;De 35 a 44 años;Cañas de cerveza ( con alcohol), sidra;Total;100,00
CIFRAS RELATIVAS;Varones;De 35 a 44 años;Cañas de cerveza ( con alcohol), sidra;Cuatro o más días a la semana;29,97
CIFRAS RELATIVAS;Varones;De 35 a 44 años;Cañas de cerveza ( con alcohol), sidra;De 1 a 3 días a la semana;36,55
CIFRAS RELATIVAS;Varones;De 35 a 44 años;Cañas de cerveza ( con alcohol), sidra;Menos de 1 día a la semana y al menos 1 día al mes;6,74
CIFRAS RELATIVAS;Varones;De 35 a 44 años;Cañas de cerveza ( con alcohol), sidra;Menos de 1 día al mes;11,94
CIFRAS RELATIVAS;Varones;De 35 a 44 años;Cañas de cerveza ( con alcohol), sidra;No ha consumido este tipo de bebida;14,81
CIFRAS RELATIVAS;Varones;De 45 a 54 años;Copas de vino, champagne o cava;Total;100,00
CIFRAS RELATIVAS;Varones;De 45 a 54 años;Copas de vino, champagne o cava;Cuatro o más días a la semana;42,81
CIFRAS RELATIVAS;Varones;De 45 a 54 años;Copas de vino, champagne o cava;De 1 a 3 días a la semana;16,57
CIFRAS RELATIVAS;Varones;De 45 a 54 años;Copas de vino, champagne o cava;Menos de 1 día a la semana y al menos 1 día al mes;6,28
CIFRAS RELATIVAS;Varones;De 45 a 54 años;Copas de vino, champagne o cava;Menos de 1 día al mes;12,83
CIFRAS RELATIVAS;Varones;De 45 a 54 años;Copas de vino, champagne o cava;No ha consumido este tipo de bebida;21,52
CIFRAS RELATIVAS;Varones;De 45 a 54 años;Cañas de cerveza ( con alcohol), sidra;Total;100,00
CIFRAS RELATIVAS;Varones;De 45 a 54 años;Cañas de cerveza ( con alcohol), sidra;Cuatro o más días a la semana;28,14
CIFRAS RELATIVAS;Varones;De 45 a 54 años;Cañas de cerveza ( con alcohol), sidra;De 1 a 3 días a la semana;28,76
CIFRAS RELATIVAS;Varones;De 45 a 54 años;Cañas de cerveza ( con alcohol), sidra;Menos de 1 día a la semana y al menos 1 día al mes;5,77
CIFRAS RELATIVAS;Varones;De 45 a 54 años;Cañas de cerveza ( con alcohol), sidra;Menos de 1 día al mes;12,16
CIFRAS RELATIVAS;Varones;De 45 a 54 años;Cañas de cerveza ( con alcohol), sidra;No ha consumido este tipo de bebida;25,16
CIFRAS RELATIVAS;Varones;De 55 a 64 años;Copas de vino, champagne o cava;Total;100,00
CIFRAS RELATIVAS;Varones;De 55 a 64 años;Copas de vino, champagne o cava;Cuatro o más días a la semana;56,29
CIFRAS RELATIVAS;Varones;De 55 a 64 años;Copas de vino, champagne o cava;De 1 a 3 días a la semana;18,20
CIFRAS RELATIVAS;Varones;De 55 a 64 años;Copas de vino, champagne o cava;Menos de 1 día a la semana y al menos 1 día al mes;4,69
CIFRAS RELATIVAS;Varones;De 55 a 64 años;Copas de vino, champagne o cava;Menos de 1 día al mes;9,98
CIFRAS RELATIVAS;Varones;De 55 a 64 años;Copas de vino, champagne o cava;No ha consumido este tipo de bebida;10,83
CIFRAS RELATIVAS;Varones;De 55 a 64 años;Cañas de cerveza ( con alcohol), sidra;Total;100,00
CIFRAS RELATIVAS;Varones;De 55 a 64 años;Cañas de cerveza ( con alcohol), sidra;Cuatro o más días a la semana;21,93
CIFRAS RELATIVAS;Varones;De 55 a 64 años;Cañas de cerveza ( con alcohol), sidra;De 1 a 3 días a la semana;23,76
CIFRAS RELATIVAS;Varones;De 55 a 64 años;Cañas de cerveza ( con alcohol), sidra;Menos de 1 día a la semana y al menos 1 día al mes;4,72
CIFRAS RELATIVAS;Varones;De 55 a 64 años;Cañas de cerveza ( con alcohol), sidra;Menos de 1 día al mes;14,39
CIFRAS RELATIVAS;Varones;De 55 a 64 años;Cañas de cerveza ( con alcohol), sidra;No ha consumido este tipo de bebida;35,20
CIFRAS RELATIVAS;Varones;De 65 a 74 años;Copas de vino, champagne o cava;Total;100,00
CIFRAS RELATIVAS;Varones;De 65 a 74 años;Copas de vino, champagne o cava;Cuatro o más días a la semana;65,48
CIFRAS RELATIVAS;Varones;De 65 a 74 años;Copas de vino, champagne o cava;De 1 a 3 días a la semana;12,98
CIFRAS RELATIVAS;Varones;De 65 a 74 años;Copas de vino, champagne o cava;Menos de 1 día a la semana y al menos 1 día al mes;2,17
CIFRAS RELATIVAS;Varones;De 65 a 74 años;Copas de vino, champagne o cava;Menos de 1 día al mes;12,38
CIFRAS RELATIVAS;Varones;De 65 a 74 años;Copas de vino, champagne o cava;No ha consumido este tipo de bebida;6,99
CIFRAS RELATIVAS;Varones;De 65 a 74 años;Cañas de cerveza ( con alcohol), sidra;Total;100,00
CIFRAS RELATIVAS;Varones;De 65 a 74 años;Cañas de cerveza ( con alcohol), sidra;Cuatro o más días a la semana;16,93
CIFRAS RELATIVAS;Varones;De 65 a 74 años;Cañas de cerveza ( con alcohol), sidra;De 1 a 3 días a la semana;16,63
CIFRAS RELATIVAS;Varones;De 65 a 74 años;Cañas de cerveza ( con alcohol), sidra;Menos de 1 día a la semana y al menos 1 día al mes;5,00
CIFRAS RELATIVAS;Varones;De 65 a 74 años;Cañas de cerveza ( con alcohol), sidra;Menos de 1 día al mes;16,34
CIFRAS RELATIVAS;Varones;De 65 a 74 años;Cañas de cerveza ( con alcohol), sidra;No ha consumido este tipo de bebida;45,10
CIFRAS RELATIVAS;Varones;De 75 y más años;Copas de vino, champagne o cava;Total;100,00
CIFRAS RELATIVAS;Varones;De 75 y más años;Copas de vino, champagne o cava;Cuatro o más días a la semana;68,30
CIFRAS RELATIVAS;Varones;De 75 y más años;Copas de vino, champagne o cava;De 1 a 3 días a la semana;10,24
CIFRAS RELATIVAS;Varones;De 75 y más años;Copas de vino, champagne o cava;Menos de 1 día a la semana y al menos 1 día al mes;3,76
CIFRAS RELATIVAS;Varones;De 75 y más años;Copas de vino, champagne o cava;Menos de 1 día al mes;11,45
CIFRAS RELATIVAS;Varones;De 75 y más años;Copas de vino, champagne o cava;No ha consumido este tipo de bebida;6,25
CIFRAS RELATIVAS;Varones;De 75 y más años;Cañas de cerveza ( con alcohol), sidra;Total;100,00
CIFRAS RELATIVAS;Varones;De 75 y más años;Cañas de cerveza ( con alcohol), sidra;Cuatro o más días a la semana;8,98
CIFRAS RELATIVAS;Varones;De 75 y más años;Cañas de cerveza ( con alcohol), sidra;De 1 a 3 días a la semana;9,85
CIFRAS RELATIVAS;Varones;De 75 y más años;Cañas de cerveza ( con alcohol), sidra;Menos de 1 día a la semana y al menos 1 día al mes;4,74
CIFRAS RELATIVAS;Varones;De 75 y más años;Cañas de cerveza ( con alcohol), sidra;Menos de 1 día al mes;19,36
CIFRAS RELATIVAS;Varones;De 75 y más años;Cañas de cerveza ( con alcohol), sidra;No ha consumido este tipo de bebida;57,06
CIFRAS RELATIVAS;Mujeres;Total;Copas de vino, champagne o cava;Total;100,00
CIFRAS RELATIVAS;Mujeres;Total;Copas de vino, champagne o cava;Cuatro o más días a la semana;18,36
CIFRAS RELATIVAS;Mujeres;Total;Copas de vino, champagne o cava;De 1 a 3 días a la semana;20,17
CIFRAS RELATIVAS;Mujeres;Total;Copas de vino, champagne o cava;Menos de 1 día a la semana y al menos 1 día al mes;8,81
CIFRAS RELATIVAS;Mujeres;Total;Copas de vino, champagne o cava;Menos de 1 día al mes;29,24
CIFRAS RELATIVAS;Mujeres;Total;Copas de vino, champagne o cava;No ha consumido este tipo de bebida;23,43
CIFRAS RELATIVAS;Mujeres;Total;Cañas de cerveza ( con alcohol), sidra;Total;100,00
CIFRAS RELATIVAS;Mujeres;Total;Cañas de cerveza ( con alcohol), sidra;Cuatro o más días a la semana;7,59
CIFRAS RELATIVAS;Mujeres;Total;Cañas de cerveza ( con alcohol), sidra;De 1 a 3 días a la semana;27,88
CIFRAS RELATIVAS;Mujeres;Total;Cañas de cerveza ( con alcohol), sidra;Menos de 1 día a la semana y al menos 1 día al mes;8,40
CIFRAS RELATIVAS;Mujeres;Total;Cañas de cerveza ( con alcohol), sidra;Menos de 1 día al mes;22,69
CIFRAS RELATIVAS;Mujeres;Total;Cañas de cerveza ( con alcohol), sidra;No ha consumido este tipo de bebida;33,45
CIFRAS RELATIVAS;Mujeres;De 16 a 24 años;Copas de vino, champagne o cava;Total;100,00
CIFRAS RELATIVAS;Mujeres;De 16 a 24 años;Copas de vino, champagne o cava;Cuatro o más días a la semana;0,64
CIFRAS RELATIVAS;Mujeres;De 16 a 24 años;Copas de vino, champagne o cava;De 1 a 3 días a la semana;15,61
CIFRAS RELATIVAS;Mujeres;De 16 a 24 años;Copas de vino, champagne o cava;Menos de 1 día a la semana y al menos 1 día al mes;7,44
CIFRAS RELATIVAS;Mujeres;De 16 a 24 años;Copas de vino, champagne o cava;Menos de 1 día al mes;36,62
CIFRAS RELATIVAS;Mujeres;De 16 a 24 años;Copas de vino, champagne o cava;No ha consumido este tipo de bebida;39,69
CIFRAS RELATIVAS;Mujeres;De 16 a 24 años;Cañas de cerveza ( con alcohol), sidra;Total;100,00
CIFRAS RELATIVAS;Mujeres;De 16 a 24 años;Cañas de cerveza ( con alcohol), sidra;Cuatro o más días a la semana;2,93
CIFRAS RELATIVAS;Mujeres;De 16 a 24 años;Cañas de cerveza ( con alcohol), sidra;De 1 a 3 días a la semana;41,55
CIFRAS RELATIVAS;Mujeres;De 16 a 24 años;Cañas de cerveza ( con alcohol), sidra;Menos de 1 día a la semana y al menos 1 día al mes;12,24
CIFRAS RELATIVAS;Mujeres;De 16 a 24 años;Cañas de cerveza ( con alcohol), sidra;Menos de 1 día al mes;23,17
CIFRAS RELATIVAS;Mujeres;De 16 a 24 años;Cañas de cerveza ( con alcohol), sidra;No ha consumido este tipo de bebida;20,11
CIFRAS RELATIVAS;Mujeres;De 25 a 34 años;Copas de vino, champagne o cava;Total;100,00
CIFRAS RELATIVAS;Mujeres;De 25 a 34 años;Copas de vino, champagne o cava;Cuatro o más días a la semana;5,22
CIFRAS RELATIVAS;Mujeres;De 25 a 34 años;Copas de vino, champagne o cava;De 1 a 3 días a la semana;21,21
CIFRAS RELATIVAS;Mujeres;De 25 a 34 años;Copas de vino, champagne o cava;Menos de 1 día a la semana y al menos 1 día al mes;10,43
CIFRAS RELATIVAS;Mujeres;De 25 a 34 años;Copas de vino, champagne o cava;Menos de 1 día al mes;29,29
CIFRAS RELATIVAS;Mujeres;De 25 a 34 años;Copas de vino, champagne o cava;No ha consumido este tipo de bebida;33,84
CIFRAS RELATIVAS;Mujeres;De 25 a 34 años;Cañas de cerveza ( con alcohol), sidra;Total;100,00
CIFRAS RELATIVAS;Mujeres;De 25 a 34 años;Cañas de cerveza ( con alcohol), sidra;Cuatro o más días a la semana;6,02
CIFRAS RELATIVAS;Mujeres;De 25 a 34 años;Cañas de cerveza ( con alcohol), sidra;De 1 a 3 días a la semana;35,80
CIFRAS RELATIVAS;Mujeres;De 25 a 34 años;Cañas de cerveza ( con alcohol), sidra;Menos de 1 día a la semana y al menos 1 día al mes;10,67
CIFRAS RELATIVAS;Mujeres;De 25 a 34 años;Cañas de cerveza ( con alcohol), sidra;Menos de 1 día al mes;24,02
CIFRAS RELATIVAS;Mujeres;De 25 a 34 años;Cañas de cerveza ( con alcohol), sidra;No ha consumido este tipo de bebida;23,50
CIFRAS RELATIVAS;Mujeres;De 35 a 44 años;Copas de vino, champagne o cava;Total;100,00
CIFRAS RELATIVAS;Mujeres;De 35 a 44 años;Copas de vino, champagne o cava;Cuatro o más días a la semana;13,63
CIFRAS RELATIVAS;Mujeres;De 35 a 44 años;Copas de vino, champagne o cava;De 1 a 3 días a la semana;24,54
CIFRAS RELATIVAS;Mujeres;De 35 a 44 años;Copas de vino, champagne o cava;Menos de 1 día a la semana y al menos 1 día al mes;11,27
CIFRAS RELATIVAS;Mujeres;De 35 a 44 años;Copas de vino, champagne o cava;Menos de 1 día al mes;29,09
CIFRAS RELATIVAS;Mujeres;De 35 a 44 años;Copas de vino, champagne o cava;No ha consumido este tipo de bebida;21,47
CIFRAS RELATIVAS;Mujeres;De 35 a 44 años;Cañas de cerveza ( con alcohol), sidra;Total;100,00
CIFRAS RELATIVAS;Mujeres;De 35 a 44 años;Cañas de cerveza ( con alcohol), sidra;Cuatro o más días a la semana;10,60
CIFRAS RELATIVAS;Mujeres;De 35 a 44 años;Cañas de cerveza ( con alcohol), sidra;De 1 a 3 días a la semana;33,42
CIFRAS RELATIVAS;Mujeres;De 35 a 44 años;Cañas de cerveza ( con alcohol), sidra;Menos de 1 día a la semana y al menos 1 día al mes;8,07
CIFRAS RELATIVAS;Mujeres;De 35 a 44 años;Cañas de cerveza ( con alcohol), sidra;Menos de 1 día al mes;21,04
CIFRAS RELATIVAS;Mujeres;De 35 a 44 años;Cañas de cerveza ( con alcohol), sidra;No ha consumido este tipo de bebida;26,88
CIFRAS RELATIVAS;Mujeres;De 45 a 54 años;Copas de vino, champagne o cava;Total;100,00
CIFRAS RELATIVAS;Mujeres;De 45 a 54 años;Copas de vino, champagne o cava;Cuatro o más días a la semana;23,74
CIFRAS RELATIVAS;Mujeres;De 45 a 54 años;Copas de vino, champagne o cava;De 1 a 3 días a la semana;22,60
CIFRAS RELATIVAS;Mujeres;De 45 a 54 años;Copas de vino, champagne o cava;Menos de 1 día a la semana y al menos 1 día al mes;8,02
CIFRAS RELATIVAS;Mujeres;De 45 a 54 años;Copas de vino, champagne o cava;Menos de 1 día al mes;24,71
CIFRAS RELATIVAS;Mujeres;De 45 a 54 años;Copas de vino, champagne o cava;No ha consumido este tipo de bebida;20,93
CIFRAS RELATIVAS;Mujeres;De 45 a 54 años;Cañas de cerveza ( con alcohol), sidra;Total;100,00
CIFRAS RELATIVAS;Mujeres;De 45 a 54 años;Cañas de cerveza ( con alcohol), sidra;Cuatro o más días a la semana;12,22
CIFRAS RELATIVAS;Mujeres;De 45 a 54 años;Cañas de cerveza ( con alcohol), sidra;De 1 a 3 días a la semana;25,50
CIFRAS RELATIVAS;Mujeres;De 45 a 54 años;Cañas de cerveza ( con alcohol), sidra;Menos de 1 día a la semana y al menos 1 día al mes;7,10
CIFRAS RELATIVAS;Mujeres;De 45 a 54 años;Cañas de cerveza ( con alcohol), sidra;Menos de 1 día al mes;22,20
CIFRAS RELATIVAS;Mujeres;De 45 a 54 años;Cañas de cerveza ( con alcohol), sidra;No ha consumido este tipo de bebida;32,97
CIFRAS RELATIVAS;Mujeres;De 55 a 64 años;Copas de vino, champagne o cava;Total;100,00
CIFRAS RELATIVAS;Mujeres;De 55 a 64 años;Copas de vino, champagne o cava;Cuatro o más días a la semana;28,59
CIFRAS RELATIVAS;Mujeres;De 55 a 64 años;Copas de vino, champagne o cava;De 1 a 3 días a la semana;20,80
CIFRAS RELATIVAS;Mujeres;De 55 a 64 años;Copas de vino, champagne o cava;Menos de 1 día a la semana y al menos 1 día al mes;6,60
CIFRAS RELATIVAS;Mujeres;De 55 a 64 años;Copas de vino, champagne o cava;Menos de 1 día al mes;30,68
CIFRAS RELATIVAS;Mujeres;De 55 a 64 años;Copas de vino, champagne o cava;No ha consumido este tipo de bebida;13,34
CIFRAS RELATIVAS;Mujeres;De 55 a 64 años;Cañas de cerveza ( con alcohol), sidra;Total;100,00
CIFRAS RELATIVAS;Mujeres;De 55 a 64 años;Cañas de cerveza ( con alcohol), sidra;Cuatro o más días a la semana;5,06
CIFRAS RELATIVAS;Mujeres;De 55 a 64 años;Cañas de cerveza ( con alcohol), sidra;De 1 a 3 días a la semana;18,27
CIFRAS RELATIVAS;Mujeres;De 55 a 64 años;Cañas de cerveza ( con alcohol), sidra;Menos de 1 día a la semana y al menos 1 día al mes;8,10
CIFRAS RELATIVAS;Mujeres;De 55 a 64 años;Cañas de cerveza ( con alcohol), sidra;Menos de 1 día al mes;23,63
CIFRAS RELATIVAS;Mujeres;De 55 a 64 años;Cañas de cerveza ( con alcohol), sidra;No ha consumido este tipo de bebida;44,95
CIFRAS RELATIVAS;Mujeres;De 65 a 74 años;Copas de vino, champagne o cava;Total;100,00
CIFRAS RELATIVAS;Mujeres;De 65 a 74 años;Copas de vino, champagne o cava;Cuatro o más días a la semana;41,44
CIFRAS RELATIVAS;Mujeres;De 65 a 74 años;Copas de vino, champagne o cava;De 1 a 3 días a la semana;11,32
CIFRAS RELATIVAS;Mujeres;De 65 a 74 años;Copas de vino, champagne o cava;Menos de 1 día a la semana y al menos 1 día al mes;7,20
CIFRAS RELATIVAS;Mujeres;De 65 a 74 años;Copas de vino, champagne o cava;Menos de 1 día al mes;28,14
CIFRAS RELATIVAS;Mujeres;De 65 a 74 años;Copas de vino, champagne o cava;No ha consumido este tipo de bebida;11,90
CIFRAS RELATIVAS;Mujeres;De 65 a 74 años;Cañas de cerveza ( con alcohol), sidra;Total;100,00
CIFRAS RELATIVAS;Mujeres;De 65 a 74 años;Cañas de cerveza ( con alcohol), sidra;Cuatro o más días a la semana;5,28
CIFRAS RELATIVAS;Mujeres;De 65 a 74 años;Cañas de cerveza ( con alcohol), sidra;De 1 a 3 días a la semana;10,05
CIFRAS RELATIVAS;Mujeres;De 65 a 74 años;Cañas de cerveza ( con alcohol), sidra;Menos de 1 día a la semana y al menos 1 día al mes;3,68
CIFRAS RELATIVAS;Mujeres;De 65 a 74 años;Cañas de cerveza ( con alcohol), sidra;Menos de 1 día al mes;24,16
CIFRAS RELATIVAS;Mujeres;De 65 a 74 años;Cañas de cerveza ( con alcohol), sidra;No ha consumido este tipo de bebida;56,82
CIFRAS RELATIVAS;Mujeres;De 75 y más años;Copas de vino, champagne o cava;Total;100,00
CIFRAS RELATIVAS;Mujeres;De 75 y más años;Copas de vino, champagne o cava;Cuatro o más días a la semana;46,32
CIFRAS RELATIVAS;Mujeres;De 75 y más años;Copas de vino, champagne o cava;De 1 a 3 días a la semana;12,54
CIFRAS RELATIVAS;Mujeres;De 75 y más años;Copas de vino, champagne o cava;Menos de 1 día a la semana y al menos 1 día al mes;5,13
CIFRAS RELATIVAS;Mujeres;De 75 y más años;Copas de vino, champagne o cava;Menos de 1 día al mes;28,70
CIFRAS RELATIVAS;Mujeres;De 75 y más años;Copas de vino, champagne o cava;No ha consumido este tipo de bebida;7,32
CIFRAS RELATIVAS;Mujeres;De 75 y más años;Cañas de cerveza ( con alcohol), sidra;Total;100,00
CIFRAS RELATIVAS;Mujeres;De 75 y más años;Cañas de cerveza ( con alcohol), sidra;Cuatro o más días a la semana;5,03
CIFRAS RELATIVAS;Mujeres;De 75 y más años;Cañas de cerveza ( con alcohol), sidra;De 1 a 3 días a la semana;5,57
CIFRAS RELATIVAS;Mujeres;De 75 y más años;Cañas de cerveza ( con alcohol), sidra;Menos de 1 día a la semana y al menos 1 día al mes;5,92
CIFRAS RELATIVAS;Mujeres;De 75 y más años;Cañas de cerveza ( con alcohol), sidra;Menos de 1 día al mes;19,94
CIFRAS RELATIVAS;Mujeres;De 75 y más años;Cañas de cerveza ( con alcohol), sidra;No ha consumido este tipo de bebida;63,55
